Title,Type,Organizer,Location or Eligibility,Deadline or Event Date,Source Link,Date Scraped
Caltech Longevity Hackathon 2026,Competition,Caltech Longevity Club,"Caltech Longevity Club, Caltech Longevity Club, Health",,https://caltechlongevity.devpost.com/?ref_feature=challenge&ref_medium=discover,2026-05-18T05:45:05
Startup India Seed Fund Scheme (SISFS),Grant,"DPIIT, Ministry of Commerce & Industry",National / India,2026-07-02,https://seedfund.startupindia.gov.in/,2026-05-18T05:43:49
MSME Idea Hackathon 4.0,Grant,"Ministry of Micro, Small & Medium Enterprises",National / India,2026-06-12,https://innovative.msme.gov.in/,2026-05-18T05:43:49
iStart Rajasthan Viability Grant & Sustenance Allowance,Grant,"Department of IT&C, Government of Rajasthan (RTIH)",Rajasthan / Jaipur,2026-07-17,https://istart.rajasthan.gov.in/,2026-05-18T05:43:49
BIRAC Biotechnology Ignition Grant (BIG) Scheme,Grant,Biotechnology Industry Research Assistance Council (BIRAC),National / India,2026-06-27,https://birac.nic.in/,2026-05-18T05:43:49
MeitY SAMRIDH Accelerator & Matching Seed Fund,Grant,"Ministry of Electronics & IT (MeitY), Gov of India",National / India,2026-06-22,https://www.samridh.org/,2026-05-18T05:43:49
DST NIDHI-PRAYAS Prototype Grant,Grant,"Department of Science and Technology, Gov of India",National / India,2026-07-07,https://www.nhiprayas.org/,2026-05-18T05:43:49
MeitY GENESIS DeepTech Support Scheme,Grant,"Ministry of Electronics & IT, Gov of India",India / Tier-II & III Cities,2026-07-12,https://www.meitystartuphub.in/,2026-05-18T05:43:49
TANSEED Green & DeepTech Seed Grant,Grant,"StartupTN, Government of Tamil Nadu",Tamil Nadu / Chennai,2026-06-07,https://startuptn.in/,2026-05-18T05:43:49
Ratan Tata Innovation Hub (RTIH) AP Development Scheme,Grant,Government of Andhra Pradesh / Ratan Tata Trust,Andhra Pradesh / Amaravati,2026-06-17,https://rtih.co.in,2026-05-18T05:43:49
Google for Startups Accelerator: India AI Cohort,Grant,Google,Remote / Bengaluru,2026-07-02,https://startup.google.com/programs/accelerator/india/,2026-05-18T05:43:49
SIDBI Startup Venture Capital & Credit Grant,Grant,Small Industries Development Bank of India (SIDBI),National / India,2026-08-16,https://www.sidbi.in/,2026-05-18T05:43:49
Beyond Tomorrow Summit,Competition,beyond Tomorrow Summit,Remote,,https://beyond-tomorrow-summit-30094.devpost.com/?ref_feature=challenge&ref_medium=discover,2026-05-17T13:05:52
Microsoft Azure Developer Hack 2026,Competition,Microsoft & Hack2Skill,Remote,2026-06-06,https://hack2skill.com/hackathon/azure-dev,2026-05-17T10:23:14
AWS GenAI Accelerator Hackathon,Competition,Amazon Web Services,Global / Remote,2026-05-31,https://hack2skill.com/hackathon/aws-genai,2026-05-17T10:23:14
Airtel iCreate Innovate Challenge,Competition,Airtel Engineering,"Delhi NCR, India",2026-06-11,https://hack2skill.com/hackathon/airtel-icreate,2026-05-17T10:23:14
Uber Hacktag 2026,Competition,Uber India,On-site / Hybrid,2026-06-01,https://unstop.com/hackathons/uber-hacktag-2026,2026-05-17T10:23:01
Walmart Sparkathon 2026,Competition,Walmart Global Tech,Remote,2026-05-26,https://unstop.com/hackathons/walmart-sparkathon,2026-05-17T10:23:01
Flipkart GRID 8.0 Robotics & Software Challenge,Competition,Flipkart,Remote / On-site Final,2026-06-08,https://unstop.com/hackathons/flipkart-grid,2026-05-17T10:23:01
ICICI Beat The Curve 2026,Competition,ICICI Bank,"Mumbai, India",2026-06-18,https://unstop.com/competitions/beat-the-curve,2026-05-17T10:23:01
ETHIndia 2026,Competition,Devfolio & Ethereum Foundation,"Bengaluru, India",2026-06-14,https://devfolio.co/hackathons/ethindia2026,2026-05-17T10:22:52
AIGlobal Build Hackathon,Competition,Google Cloud & Devfolio,Remote,2026-05-29,https://devfolio.co/hackathons/aiglobal,2026-05-17T10:22:52
Polygon Guild Hack 2026,Competition,Polygon Labs,Remote,2026-06-05,https://devfolio.co/hackathons/polygon-guild,2026-05-17T10:22:52
Injective Global Hackathon,Competition,Injective Foundation,Global / Remote,2026-06-21,https://devfolio.co/hackathons/injective-global,2026-05-17T10:22:52
Creator Colosseum Startup Competition: Student Founders. Real Startups.,Competition,Creator Colosseum,Remote,2026-06-18,https://creatorcolosseum.devpost.com/?ref_feature=challenge&ref_medium=discover,2026-05-17T09:56:38
Beyond Tomorrow Summit,Competition,beyond Tomorrow Summit,Remote,2026-06-05,https://beyond-tomorrow-summit.devpost.com/?ref_feature=challenge&ref_medium=discover,2026-05-17T09:56:38
AI Forecasting Hackathon,Competition,Prophet Arena Team,Remote,,https://prophethacks.devpost.com/?ref_feature=challenge&ref_medium=discover,2026-05-17T09:56:38
UOE Summer of Code,Competition,UOE CS Team,Remote,,https://uoe-summer-of-code.devpost.com/?ref_feature=challenge&ref_medium=discover,2026-05-17T09:56:38
Hack the Tech,Competition,College of Engineering,Remote,,https://hack-the-tech.devpost.com/?ref_feature=challenge&ref_medium=discover,2026-05-17T09:56:38
757 BLD WKND 2026 2.0,Competition,Drexel IEEE,"Assembly Building, Drexel IEEE, Beginner Friendly, Mobile, Web",,https://757-bld-wknd-2026-2-0.devpost.com/?ref_feature=challenge&ref_medium=discover,2026-05-17T09:56:38
Ventura Challenge,Competition,Student Council,Remote,2026-07-15,https://ventura-challenge.devpost.com/?ref_feature=challenge&ref_medium=discover,2026-05-17T09:56:38
Youth Code x AI,Competition,Youth Code Foundation,Remote,,https://youth-code-x-ai-29376.devpost.com/?ref_feature=challenge&ref_medium=discover,2026-05-17T09:56:38
MassChallenge HealthTech,Accelerator,MassChallenge,"Boston, MA",,https://masschallenge.org/programs/masschallenge-healthtech/,2026-05-17T04:02:42
MassChallenge Switzerland,Accelerator,MassChallenge,"Geneva, Switzerland",,https://masschallenge.org/programs/masschallenge-switzerland/,2026-05-17T04:02:42
MassChallenge Texas,Accelerator,MassChallenge,"Austin, TX",,https://masschallenge.org/programs/masschallenge-texas/,2026-05-17T04:02:42
MassChallenge Israel,Accelerator,MassChallenge,"Tel Aviv, Israel",,https://masschallenge.org/programs/masschallenge-israel/,2026-05-17T04:02:42
MassChallenge UK,Accelerator,MassChallenge,"London, UK",,https://masschallenge.org/programs/masschallenge-uk/,2026-05-17T04:02:42
MassChallenge AgriFood,Accelerator,MassChallenge,Remote,,https://masschallenge.org/programs/masschallenge-agrifood/,2026-05-17T04:02:42
MassChallenge Traction Accelerator,Accelerator,MassChallenge,Global,,https://masschallenge.org/accelerators/traction/,2026-05-17T04:02:42
MassChallenge Challenge Accelerator,Accelerator,MassChallenge,Global,,https://masschallenge.org/accelerators/challenge/,2026-05-17T04:02:42
Techstars Startup Accelerator,Accelerator,Techstars,Global,,https://www.techstars.com/accelerators,2026-05-17T04:02:37
Y Combinator (YC) Batch Application,Accelerator,Y Combinator,"San Francisco, CA",,https://www.ycombinator.com/apply,2026-05-17T04:02:37
500 Global Accelerator,Accelerator,500 Global,Global,,https://500.co/accelerators,2026-05-17T04:02:37
Plug and Play Tech Center,Accelerator,Plug and Play,"Sunnyvale, CA",,https://www.plugandplaytechcenter.com/join/,2026-05-17T04:02:37
SOSV Accelerator Programs,Accelerator,SOSV,Global,,https://sosv.com/programmes/,2026-05-17T04:02:37
Entrepreneur First Talent Investor,Accelerator,Entrepreneur First,Global,,https://www.joinef.com/,2026-05-17T04:02:37
AngelPad Accelerator,Accelerator,AngelPad,"San Francisco, CA",,https://angelpad.com/apply/,2026-05-17T04:02:37
Seedcamp Accelerator,Accelerator,Seedcamp,"London, UK",,https://seedcamp.com/apply/,2026-05-17T04:02:37
Google for Startups Accelerator,Accelerator,Google,Remote,,https://startup.google.com/programs/accelerator/,2026-05-17T04:02:37
Microsoft for Startups Founders Hub,Accelerator,Microsoft,Remote,,https://foundershub.startups.microsoft.com/,2026-05-17T04:02:37
